Order ID,Product ID,Return Date,Return Reason,Return Quantity,Return Status
CA-2015-121720,OFF-ST-10003816,2015-06-21,Defective,1,Refunded
CA-2017-128160,OFF-BI-10001510,2017-12-28,Defective,2,Processed
CA-2016-119935,FUR-FU-10001085,2016-11-16,Changed Mind,2,Processed
CA-2015-117415,FUR-CH-10004218,2015-12-31,Wrong Item Shipped,2,Exchange Pending
CA-2017-167003,FUR-TA-10001520,2017-06-02,Wrong Item Shipped,2,Exchange Pending
CA-2017-158876,OFF-AR-10003373,2017-12-02,Wrong Item Shipped,3,Refunded
CA-2016-127243,TEC-PH-10004539,2016-12-05,Defective,1,Processed
CA-2017-121559,OFF-BI-10002072,2017-06-09,Not as Described,1,Exchange Pending
US-2016-105578,OFF-BI-10001670,2016-06-12,Defective,2,Processed
CA-2014-164469,OFF-AR-10003478,2014-07-04,Not as Described,8,Exchange Pending
CA-2015-111990,OFF-BI-10003291,2015-11-20,Damaged in Transit,1,Processed
CA-2016-146171,FUR-FU-10004270,2016-03-14,Defective,1,Refunded
CA-2016-160220,OFF-ST-10000617,2016-10-30,Defective,4,Exchange Pending
US-2016-109260,TEC-AC-10002637,2016-10-02,Defective,2,Refunded
US-2017-100048,TEC-PH-10003012,2017-06-03,Wrong Item Shipped,1,Processed
US-2015-110569,OFF-AP-10004708,2015-06-03,Wrong Item Shipped,1,Processed
CA-2016-154767,OFF-PA-10003039,2016-07-01,Not as Described,1,Refunded
US-2017-107384,OFF-AR-10001315,2017-12-17,Not as Described,2,Processed
CA-2015-122287,OFF-BI-10004656,2015-06-22,Defective,7,Exchange Pending
CA-2017-139311,OFF-BI-10004209,2017-08-19,Not as Described,5,Exchange Pending
CA-2015-121720,FUR-CH-10003312,2015-06-24,Wrong Item Shipped,1,Processed
CA-2014-156314,FUR-FU-10003096,2015-01-05,Not as Described,2,Processed
CA-2017-110884,OFF-LA-10003510,2017-03-20,Damaged in Transit,1,Processed
US-2017-148054,FUR-FU-10003247,2017-10-09,Wrong Item Shipped,2,Processed
CA-2017-131492,FUR-FU-10003878,2017-10-25,Damaged in Transit,1,Exchange Pending
CA-2017-119004,TEC-PH-10002844,2017-12-03,Not as Described,1,Exchange Pending
CA-2016-137848,OFF-PA-10004285,2016-01-27,Changed Mind,8,Processed
CA-2017-158883,OFF-PA-10004733,2017-06-09,Defective,4,Refunded
CA-2017-134439,OFF-PA-10004082,2017-10-03,Wrong Item Shipped,2,Refunded
CA-2017-131954,TEC-AC-10003610,2017-02-01,Damaged in Transit,3,Exchange Pending
CA-2016-157280,FUR-FU-10003806,2016-11-18,Changed Mind,4,Refunded
CA-2016-134222,OFF-BI-10001658,2016-07-23,Changed Mind,3,Processed
CA-2017-141439,TEC-PH-10001819,2017-12-04,Wrong Item Shipped,1,Refunded
CA-2017-118003,FUR-FU-10002506,2017-12-07,Wrong Item Shipped,1,Exchange Pending
CA-2017-141663,OFF-FA-10004076,2017-04-21,Changed Mind,2,Processed
CA-2014-109904,OFF-AR-10004999,2014-07-22,Defective,3,Processed
CA-2016-117590,TEC-PH-10004977,2016-12-23,Defective,2,Exchange Pending
US-2017-101784,FUR-CH-10001146,2017-07-14,Damaged in Transit,2,Refunded
CA-2017-118885,FUR-CH-10002880,2018-01-08,Defective,1,Exchange Pending
CA-2017-110310,OFF-PA-10001685,2017-11-04,Changed Mind,2,Exchange Pending
CA-2017-143378,OFF-AR-10001915,2017-09-26,Changed Mind,1,Refunded
US-2017-112928,OFF-AP-10002287,2017-06-14,Not as Described,2,Processed
US-2014-150532,OFF-ST-10000760,2014-07-18,Changed Mind,5,Refunded
CA-2016-168830,TEC-AC-10003911,2016-11-13,Defective,1,Refunded
CA-2015-127453,OFF-AP-10003860,2015-12-31,Damaged in Transit,2,Processed
CA-2017-114055,OFF-FA-10003059,2018-01-01,Not as Described,1,Processed
CA-2017-155698,OFF-LA-10001158,2017-03-20,Defective,2,Exchange Pending
CA-2017-121615,OFF-PA-10000327,2017-11-09,Damaged in Transit,2,Refunded
US-2016-150140,TEC-PH-10002555,2016-04-10,Defective,5,Processed
CA-2016-100244,OFF-AR-10000940,2016-09-29,Not as Described,4,Refunded
CA-2014-144624,TEC-PH-10002885,2014-12-01,Changed Mind,3,Refunded
CA-2016-139010,OFF-BI-10002309,2016-03-04,Not as Described,1,Processed
US-2015-156797,TEC-PH-10004614,2015-08-15,Changed Mind,1,Processed
CA-2016-131737,FUR-FU-10004306,2016-03-20,Not as Described,3,Refunded
CA-2017-120222,OFF-PA-10004675,2017-05-02,Wrong Item Shipped,3,Processed
CA-2016-162187,OFF-SU-10004782,2016-12-25,Defective,2,Refunded
CA-2015-130974,TEC-AC-10003095,2015-12-12,Defective,2,Processed
US-2016-162026,OFF-PA-10000167,2016-10-11,Wrong Item Shipped,1,Exchange Pending
CA-2015-138009,OFF-AP-10000179,2015-12-02,Changed Mind,2,Processed
CA-2016-158302,OFF-PA-10002615,2016-12-11,Defective,2,Refunded
CA-2017-157987,OFF-PA-10003893,2017-09-10,Wrong Item Shipped,2,Processed
CA-2017-164049,OFF-PA-10000791,2017-11-13,Defective,4,Refunded
CA-2017-133823,OFF-BI-10000962,2017-05-23,Damaged in Transit,1,Processed
US-2016-142251,OFF-PA-10002986,2016-11-15,Changed Mind,5,Refunded
US-2017-129441,FUR-FU-10000448,2017-09-20,Damaged in Transit,1,Refunded
CA-2014-164315,OFF-AP-10003842,2014-04-16,Changed Mind,2,Processed
CA-2017-137421,OFF-AR-10001761,2017-10-09,Wrong Item Shipped,2,Refunded
CA-2017-112172,OFF-FA-10004395,2017-06-17,Changed Mind,1,Exchange Pending
CA-2017-157252,FUR-CH-10003396,2017-01-31,Changed Mind,1,Exchange Pending
CA-2017-114055,TEC-PH-10002890,2018-01-05,Wrong Item Shipped,1,Processed
US-2014-112914,OFF-BI-10002982,2014-09-28,Changed Mind,1,Refunded
CA-2015-137974,FUR-BO-10001519,2015-04-26,Defective,5,Refunded
CA-2015-101868,TEC-AC-10004396,2015-06-12,Not as Described,5,Refunded
CA-2014-100895,OFF-AR-10004511,2014-06-12,Wrong Item Shipped,2,Processed
CA-2015-119592,OFF-BI-10004187,2015-12-17,Not as Described,2,Processed
CA-2015-149342,FUR-FU-10002937,2015-05-04,Wrong Item Shipped,1,Exchange Pending
CA-2017-148446,FUR-TA-10004256,2017-12-17,Wrong Item Shipped,4,Refunded
CA-2017-142867,OFF-BI-10003166,2017-03-27,Damaged in Transit,6,Exchange Pending
US-2016-115819,OFF-PA-10002377,2016-04-27,Damaged in Transit,3,Processed
CA-2016-107146,FUR-CH-10004853,2016-06-28,Changed Mind,4,Processed
CA-2017-130771,TEC-PH-10002496,2017-08-01,Not as Described,1,Exchange Pending
US-2017-162670,OFF-ST-10001522,2018-01-03,Wrong Item Shipped,4,Refunded
CA-2016-100587,OFF-PA-10004609,2016-12-13,Changed Mind,1,Refunded
CA-2017-130351,OFF-AP-10004532,2017-12-17,Defective,1,Refunded
CA-2015-150770,OFF-BI-10001575,2015-05-15,Wrong Item Shipped,1,Processed
CA-2017-157273,TEC-PH-10002275,2017-02-04,Defective,4,Refunded
CA-2015-126557,TEC-PH-10003963,2015-07-15,Changed Mind,3,Refunded
US-2017-139969,FUR-CH-10001973,2017-11-24,Damaged in Transit,3,Exchange Pending
CA-2014-100678,TEC-AC-10000474,2014-05-02,Changed Mind,2,Exchange Pending
US-2014-133130,FUR-CH-10002602,2014-10-10,Defective,1,Exchange Pending
CA-2014-136567,FUR-TA-10001932,2015-01-04,Wrong Item Shipped,1,Exchange Pending
CA-2016-158435,OFF-SU-10000381,2016-05-21,Not as Described,2,Processed
CA-2015-125934,OFF-PA-10000556,2015-09-15,Changed Mind,6,Refunded
CA-2017-126046,OFF-LA-10004484,2017-11-14,Wrong Item Shipped,3,Processed
CA-2017-140802,OFF-PA-10001534,2017-05-01,Damaged in Transit,1,Refunded
CA-2017-165029,OFF-AR-10003504,2017-11-29,Damaged in Transit,3,Processed
CA-2017-163139,OFF-ST-10002790,2017-12-15,Damaged in Transit,2,Refunded
CA-2015-127327,FUR-CH-10004218,2015-02-09,Wrong Item Shipped,1,Refunded
CA-2017-117212,OFF-AP-10004532,2017-03-13,Changed Mind,2,Refunded
US-2016-114013,TEC-MA-10001148,2016-03-16,Wrong Item Shipped,2,Processed
US-2014-159618,FUR-BO-10004467,2014-11-15,Wrong Item Shipped,1,Exchange Pending
CA-2014-169775,OFF-EN-10001749,2014-09-12,Not as Described,2,Exchange Pending
CA-2014-156587,FUR-CH-10004477,2014-03-21,Not as Described,1,Processed
CA-2015-120677,FUR-CH-10002320,2015-06-06,Changed Mind,7,Refunded
CA-2014-167199,FUR-CH-10004063,2014-01-10,Not as Described,8,Refunded
CA-2017-121048,TEC-PH-10004977,2017-07-19,Damaged in Transit,1,Processed
CA-2017-107209,FUR-CH-10001146,2017-08-09,Not as Described,4,Exchange Pending
CA-2017-119389,FUR-FU-10001473,2017-04-28,Damaged in Transit,2,Exchange Pending
CA-2016-142902,FUR-FU-10001756,2016-09-16,Changed Mind,1,Refunded
CA-2017-145275,OFF-LA-10001569,2017-04-08,Wrong Item Shipped,2,Exchange Pending
CA-2015-144253,FUR-FU-10002671,2015-05-07,Wrong Item Shipped,2,Exchange Pending
CA-2016-122903,OFF-PA-10001790,2016-05-31,Not as Described,3,Exchange Pending
CA-2014-102673,OFF-FA-10003021,2014-11-08,Damaged in Transit,1,Refunded
US-2015-149629,FUR-BO-10004709,2015-07-29,Defective,2,Exchange Pending
CA-2016-123050,TEC-AC-10001109,2016-04-07,Defective,2,Refunded
CA-2014-152618,OFF-PA-10001215,2014-03-27,Defective,2,Processed
CA-2016-127698,TEC-PH-10003811,2016-12-10,Wrong Item Shipped,8,Processed
CA-2017-126914,FUR-BO-10000468,2017-06-21,Wrong Item Shipped,2,Refunded
CA-2014-159800,TEC-AC-10003447,2014-12-06,Damaged in Transit,6,Exchange Pending
CA-2015-144386,OFF-BI-10001116,2015-11-15,Not as Described,4,Processed
CA-2015-160696,OFF-FA-10003059,2015-09-21,Defective,5,Refunded
CA-2015-102855,OFF-AR-10002467,2015-04-13,Damaged in Transit,1,Exchange Pending
CA-2017-145233,TEC-PH-10000586,2017-12-05,Damaged in Transit,2,Processed
CA-2017-129294,OFF-ST-10002615,2017-03-19,Not as Described,1,Refunded
CA-2017-121580,OFF-PA-10004082,2017-06-08,Damaged in Transit,1,Exchange Pending
CA-2015-130785,FUR-BO-10000330,2015-09-15,Not as Described,3,Exchange Pending
CA-2016-130820,FUR-TA-10001768,2016-11-26,Changed Mind,3,Refunded
CA-2016-163594,OFF-BI-10003707,2016-04-20,Not as Described,1,Exchange Pending
US-2017-113201,OFF-PA-10000675,2017-07-14,Defective,4,Processed
CA-2017-142342,OFF-ST-10002957,2017-07-20,Defective,1,Refunded
CA-2015-117800,TEC-PH-10002415,2015-10-02,Not as Described,2,Exchange Pending
CA-2017-161018,FUR-FU-10000629,2017-11-23,Changed Mind,4,Exchange Pending
US-2016-157728,TEC-PH-10001305,2016-10-07,Changed Mind,1,Exchange Pending
CA-2015-168634,OFF-AP-10001626,2015-12-11,Defective,1,Exchange Pending
CA-2014-131947,OFF-AR-10001473,2014-09-30,Changed Mind,2,Exchange Pending
CA-2016-103730,FUR-FU-10002157,2016-06-20,Damaged in Transit,3,Refunded
CA-2016-145625,TEC-AC-10003832,2016-09-23,Wrong Item Shipped,13,Processed
CA-2015-145394,FUR-FU-10001215,2015-12-01,Damaged in Transit,2,Processed
US-2015-150630,OFF-AR-10001683,2015-09-29,Defective,2,Refunded
CA-2014-111773,OFF-BI-10000174,2014-07-12,Changed Mind,1,Exchange Pending
CA-2016-161676,OFF-SU-10004782,2016-08-01,Not as Described,2,Processed
CA-2016-156265,TEC-PH-10001918,2016-08-13,Wrong Item Shipped,2,Processed
CA-2015-153794,OFF-AR-10000380,2015-09-24,Not as Described,5,Processed
CA-2014-164973,OFF-ST-10002974,2014-11-19,Defective,1,Exchange Pending
CA-2014-149538,OFF-ST-10004180,2014-04-09,Changed Mind,3,Refunded
CA-2014-115791,TEC-PH-10004614,2014-01-23,Not as Described,2,Processed
CA-2015-128608,TEC-AC-10000487,2015-01-27,Not as Described,2,Refunded
CA-2017-121580,OFF-AP-10001564,2017-06-05,Wrong Item Shipped,1,Processed
CA-2016-152814,OFF-PA-10001970,2016-05-10,Wrong Item Shipped,1,Refunded
CA-2017-136007,TEC-PH-10003589,2017-03-04,Changed Mind,5,Exchange Pending
US-2014-148838,FUR-TA-10001950,2014-03-23,Wrong Item Shipped,2,Exchange Pending
CA-2017-117632,FUR-TA-10001520,2017-05-25,Not as Described,2,Exchange Pending
US-2015-150630,OFF-AR-10004042,2015-09-23,Not as Described,3,Refunded
CA-2016-141957,OFF-BI-10001116,2016-07-30,Defective,5,Exchange Pending
CA-2015-130022,OFF-AR-10001915,2015-08-21,Not as Described,1,Exchange Pending
US-2015-150630,FUR-FU-10004848,2015-09-30,Changed Mind,3,Processed
CA-2016-107615,TEC-AC-10001013,2016-03-28,Damaged in Transit,2,Refunded
US-2014-148194,FUR-FU-10001852,2014-05-10,Defective,1,Refunded
CA-2017-158876,OFF-PA-10000308,2017-11-27,Defective,2,Processed
CA-2017-127782,TEC-PH-10001817,2017-11-10,Changed Mind,1,Exchange Pending
CA-2017-119004,TEC-AC-10003499,2017-12-02,Changed Mind,8,Processed
CA-2015-109512,OFF-EN-10002621,2015-03-08,Wrong Item Shipped,1,Exchange Pending
CA-2016-125164,OFF-BI-10003982,2016-11-25,Defective,3,Refunded
CA-2016-148698,OFF-AR-10004022,2016-05-15,Wrong Item Shipped,1,Exchange Pending
CA-2016-159016,TEC-PH-10002885,2016-03-15,Not as Described,8,Processed
CA-2017-119746,FUR-FU-10004909,2017-12-04,Defective,1,Exchange Pending
CA-2015-110247,OFF-BI-10001553,2015-12-12,Defective,3,Processed
CA-2014-123477,OFF-AP-10000692,2014-01-26,Damaged in Transit,3,Exchange Pending
US-2017-133361,OFF-LA-10004544,2017-05-21,Defective,4,Refunded
CA-2017-148411,FUR-CH-10003973,2017-10-07,Not as Described,2,Refunded
US-2017-139955,OFF-SU-10001935,2017-10-03,Wrong Item Shipped,1,Refunded
CA-2017-101959,OFF-BI-10001757,2017-03-13,Wrong Item Shipped,1,Exchange Pending
CA-2017-125199,OFF-AR-10002956,2017-10-26,Damaged in Transit,4,Processed
CA-2014-105165,FUR-TA-10004154,2014-09-10,Not as Described,1,Refunded
CA-2015-115945,OFF-BI-10004330,2015-06-30,Wrong Item Shipped,2,Processed
US-2014-154655,OFF-SU-10000898,2014-10-18,Changed Mind,1,Refunded
CA-2015-132374,OFF-AR-10001615,2015-03-01,Not as Described,2,Refunded
CA-2017-144638,OFF-AR-10003958,2017-03-22,Not as Described,1,Refunded
CA-2014-120096,OFF-AP-10000692,2014-07-15,Damaged in Transit,2,Refunded
CA-2016-137239,OFF-BI-10002827,2016-08-28,Wrong Item Shipped,2,Processed
US-2017-122672,OFF-ST-10002344,2017-11-09,Not as Described,2,Processed
CA-2016-124254,OFF-PA-10000807,2016-04-24,Wrong Item Shipped,3,Exchange Pending
CA-2015-150441,OFF-BI-10003529,2015-08-16,Changed Mind,3,Processed
CA-2017-140536,OFF-AR-10001545,2017-04-19,Damaged in Transit,1,Exchange Pending
CA-2017-147354,TEC-CO-10000971,2017-03-21,Changed Mind,2,Processed
CA-2016-120824,OFF-PA-10000232,2016-06-20,Damaged in Transit,3,Processed
CA-2017-107244,FUR-FU-10002597,2017-09-16,Not as Described,3,Refunded
US-2016-156986,OFF-BI-10002498,2016-04-01,Damaged in Transit,3,Exchange Pending
US-2014-113124,OFF-ST-10001511,2014-04-09,Defective,2,Refunded
US-2015-103471,FUR-BO-10002613,2016-01-07,Wrong Item Shipped,7,Processed
CA-2015-141810,OFF-BI-10001524,2015-11-05,Wrong Item Shipped,2,Processed
US-2017-123862,OFF-ST-10002301,2017-01-21,Defective,2,Refunded
CA-2014-124513,OFF-AR-10002956,2014-09-27,Changed Mind,3,Exchange Pending
CA-2016-144015,OFF-PA-10002870,2016-07-09,Defective,2,Processed
CA-2017-134495,OFF-AP-10002222,2017-04-08,Not as Described,2,Processed
CA-2014-125612,OFF-SU-10002537,2014-08-07,Not as Described,6,Refunded
CA-2015-117884,OFF-ST-10002182,2015-03-25,Wrong Item Shipped,9,Processed
CA-2015-101910,FUR-CH-10002647,2015-12-07,Not as Described,5,Processed
CA-2015-131884,TEC-PH-10001578,2015-12-14,Wrong Item Shipped,2,Processed
CA-2017-117702,OFF-AR-10004582,2017-12-05,Defective,1,Exchange Pending
CA-2017-102204,FUR-CH-10002024,2017-05-16,Defective,3,Processed
CA-2015-130365,FUR-CH-10003535,2015-05-06,Defective,1,Processed
CA-2016-104276,TEC-PH-10001944,2016-12-12,Wrong Item Shipped,1,Processed
CA-2015-136658,OFF-AR-10000817,2015-09-23,Defective,2,Refunded
CA-2014-127691,TEC-AC-10002567,2014-08-06,Defective,1,Processed
CA-2016-107104,OFF-AP-10000055,2016-12-09,Changed Mind,2,Exchange Pending
CA-2017-102337,FUR-CH-10004289,2017-06-17,Defective,1,Processed
CA-2015-136735,OFF-EN-10002230,2015-08-07,Not as Described,2,Processed
CA-2015-156013,OFF-PA-10001970,2015-10-04,Wrong Item Shipped,4,Exchange Pending
CA-2014-160262,OFF-PA-10003641,2014-06-19,Changed Mind,3,Processed
CA-2015-107937,FUR-FU-10002298,2015-05-16,Damaged in Transit,4,Refunded
CA-2017-164756,TEC-PH-10001552,2017-09-30,Wrong Item Shipped,7,Exchange Pending
CA-2016-130946,OFF-BI-10004995,2016-04-23,Not as Described,2,Processed
CA-2016-116232,OFF-LA-10001158,2016-10-03,Wrong Item Shipped,2,Refunded
CA-2015-145184,TEC-AC-10000397,2015-11-30,Not as Described,1,Processed
CA-2014-146969,OFF-ST-10004340,2014-10-08,Not as Described,1,Exchange Pending
CA-2017-143567,TEC-AC-10004145,2017-11-12,Damaged in Transit,9,Refunded
CA-2017-158673,OFF-PA-10000994,2018-01-03,Wrong Item Shipped,2,Exchange Pending
CA-2015-105158,FUR-FU-10001706,2015-09-11,Damaged in Transit,1,Processed
CA-2014-102988,OFF-AR-10000127,2014-04-20,Damaged in Transit,7,Processed
CA-2015-165050,TEC-PH-10001336,2015-12-12,Wrong Item Shipped,4,Refunded
CA-2017-124597,OFF-AR-10002280,2017-05-09,Defective,1,Refunded
CA-2016-117681,FUR-BO-10001798,2016-04-20,Defective,5,Processed
CA-2015-100685,OFF-BI-10003094,2015-12-24,Damaged in Transit,2,Exchange Pending
US-2017-106796,OFF-AR-10003504,2017-05-27,Changed Mind,1,Processed
CA-2017-100356,OFF-AP-10002191,2017-10-29,Damaged in Transit,1,Processed
CA-2017-107629,TEC-AC-10004510,2017-12-24,Damaged in Transit,2,Processed
US-2015-160857,OFF-SU-10000157,2015-05-16,Damaged in Transit,3,Exchange Pending
CA-2016-152331,OFF-AR-10001547,2016-06-30,Defective,1,Exchange Pending
CA-2015-155635,OFF-BI-10000962,2015-05-24,Defective,1,Processed
CA-2016-166485,OFF-PA-10004996,2016-02-29,Defective,2,Refunded
US-2017-133361,OFF-AR-10003338,2017-05-18,Damaged in Transit,3,Exchange Pending
CA-2015-113110,OFF-SU-10001165,2015-03-23,Changed Mind,3,Processed
CA-2015-100216,OFF-PA-10000788,2015-04-17,Defective,5,Processed
CA-2015-164567,TEC-PH-10002103,2015-06-28,Wrong Item Shipped,3,Processed
CA-2016-127208,OFF-BI-10002309,2016-06-15,Wrong Item Shipped,2,Refunded
CA-2014-163223,OFF-PA-10000675,2014-04-03,Wrong Item Shipped,3,Exchange Pending
CA-2016-112830,FUR-FU-10004306,2016-06-09,Not as Described,1,Processed
CA-2014-109680,OFF-ST-10001932,2014-10-15,Damaged in Transit,2,Exchange Pending
CA-2015-156566,TEC-PH-10001817,2015-10-16,Wrong Item Shipped,2,Processed
CA-2016-141397,FUR-CH-10003846,2016-07-04,Damaged in Transit,2,Processed
CA-2017-163069,OFF-AR-10001419,2017-08-25,Wrong Item Shipped,3,Exchange Pending
CA-2017-124828,OFF-AR-10003514,2017-07-16,Changed Mind,3,Refunded
US-2016-144477,OFF-AR-10000914,2016-08-17,Damaged in Transit,4,Refunded
CA-2015-149587,OFF-PA-10003177,2015-02-03,Wrong Item Shipped,1,Exchange Pending
CA-2014-156433,OFF-PA-10003724,2014-10-03,Defective,1,Exchange Pending
CA-2017-152856,TEC-AC-10004864,2017-09-20,Damaged in Transit,2,Processed
CA-2017-129378,OFF-AP-10000576,2017-10-09,Not as Described,2,Processed
US-2014-111171,OFF-BI-10002103,2015-01-08,Defective,2,Exchange Pending
CA-2016-152471,OFF-PA-10004965,2016-07-11,Defective,1,Exchange Pending
US-2016-115441,OFF-PA-10004996,2016-08-05,Not as Described,2,Exchange Pending
CA-2015-152681,OFF-AR-10003183,2015-01-21,Defective,1,Refunded
US-2014-123183,OFF-LA-10002787,2014-11-22,Defective,6,Refunded
CA-2014-105249,OFF-LA-10002043,2014-12-12,Wrong Item Shipped,1,Refunded
CA-2014-169019,OFF-AP-10003281,2014-08-04,Wrong Item Shipped,2,Exchange Pending
CA-2017-167941,OFF-BI-10002827,2017-11-14,Damaged in Transit,3,Exchange Pending
CA-2017-118346,TEC-AC-10000736,2017-07-31,Damaged in Transit,3,Processed
US-2017-107384,TEC-AC-10004595,2017-12-11,Damaged in Transit,1,Refunded
CA-2015-106978,OFF-EN-10004483,2015-10-11,Wrong Item Shipped,1,Refunded
CA-2017-156951,OFF-PA-10004451,2017-10-07,Damaged in Transit,2,Refunded
CA-2015-132465,OFF-ST-10001932,2015-09-24,Defective,1,Refunded
CA-2015-104059,OFF-AR-10000634,2015-06-19,Wrong Item Shipped,1,Exchange Pending
CA-2016-160598,OFF-PA-10002319,2016-08-31,Damaged in Transit,1,Processed
CA-2014-115973,OFF-AR-10004757,2014-12-06,Defective,1,Processed
CA-2017-167661,OFF-BI-10002571,2017-10-15,Damaged in Transit,4,Processed
CA-2014-151078,OFF-ST-10001328,2014-11-21,Changed Mind,2,Exchange Pending
CA-2017-149489,OFF-AP-10002495,2017-05-05,Damaged in Transit,1,Refunded
CA-2017-127432,OFF-ST-10004459,2017-01-25,Changed Mind,3,Exchange Pending
CA-2016-128916,FUR-FU-10000320,2016-08-27,Damaged in Transit,4,Refunded
CA-2017-100223,OFF-BI-10004492,2017-07-17,Not as Described,1,Exchange Pending
CA-2014-164385,OFF-AP-10002191,2014-10-02,Damaged in Transit,1,Processed
US-2017-142573,FUR-TA-10001932,2017-07-27,Wrong Item Shipped,2,Processed
CA-2017-105410,TEC-AC-10002926,2017-04-03,Wrong Item Shipped,1,Processed
CA-2017-126676,OFF-EN-10004846,2017-10-13,Changed Mind,3,Processed
CA-2016-133144,OFF-PA-10004971,2016-05-19,Wrong Item Shipped,2,Refunded
CA-2014-162775,TEC-AC-10003174,2014-01-20,Defective,5,Exchange Pending
CA-2016-137736,OFF-AR-10004999,2016-11-15,Not as Described,6,Refunded
CA-2017-136448,TEC-AC-10003628,2017-09-23,Not as Described,1,Exchange Pending
CA-2016-159695,OFF-ST-10003442,2016-04-11,Defective,4,Processed
CA-2015-163104,OFF-PA-10001947,2015-03-23,Changed Mind,1,Processed
US-2015-122140,TEC-AC-10003038,2015-04-15,Defective,2,Processed
CA-2016-124352,OFF-LA-10003223,2016-10-21,Defective,4,Exchange Pending
US-2016-169369,TEC-AC-10001314,2016-12-17,Not as Described,3,Processed
CA-2015-107678,FUR-CH-10001891,2015-05-06,Damaged in Transit,2,Refunded
CA-2015-162201,OFF-BI-10002429,2015-06-11,Not as Described,2,Refunded
CA-2016-109057,OFF-ST-10002406,2016-05-06,Not as Described,1,Refunded
CA-2014-133809,OFF-BI-10001757,2014-11-30,Wrong Item Shipped,8,Exchange Pending
CA-2016-156748,OFF-ST-10001370,2016-12-10,Defective,3,Refunded
US-2014-150434,TEC-PH-10000895,2014-07-26,Not as Described,1,Processed
CA-2014-162775,OFF-EN-10001532,2014-01-19,Defective,1,Exchange Pending
CA-2017-127026,TEC-AC-10002049,2017-02-02,Wrong Item Shipped,4,Processed
CA-2016-108105,FUR-FU-10003773,2016-03-01,Defective,3,Exchange Pending
CA-2014-124730,TEC-PH-10002170,2014-12-03,Not as Described,3,Refunded
CA-2017-132521,OFF-ST-10001325,2017-09-29,Defective,3,Processed
US-2016-143819,OFF-ST-10003208,2016-03-06,Wrong Item Shipped,2,Processed
CA-2017-111647,TEC-PH-10002726,2017-07-10,Damaged in Transit,3,Exchange Pending
CA-2017-162572,OFF-AR-10001547,2017-10-01,Defective,4,Processed
CA-2017-154039,FUR-TA-10001932,2017-02-20,Not as Described,2,Refunded
CA-2017-103065,OFF-ST-10000617,2017-11-03,Wrong Item Shipped,1,Exchange Pending
CA-2017-130106,OFF-AR-10003732,2017-05-27,Not as Described,1,Processed
CA-2016-155033,OFF-PA-10000143,2016-10-19,Not as Described,2,Exchange Pending
CA-2017-119004,OFF-AR-10000390,2017-12-05,Defective,1,Processed
CA-2016-155670,OFF-PA-10004947,2016-08-23,Not as Described,1,Refunded
CA-2017-151428,OFF-BI-10000546,2017-09-30,Defective,4,Refunded
US-2016-144393,OFF-BI-10004236,2016-11-01,Damaged in Transit,3,Refunded
US-2017-113992,FUR-TA-10000577,2017-12-17,Not as Described,3,Refunded
US-2014-164763,OFF-PA-10003063,2014-03-22,Not as Described,3,Processed
CA-2016-118626,TEC-PH-10000369,2016-08-22,Not as Described,1,Refunded
CA-2017-129021,OFF-PA-10000141,2017-09-04,Changed Mind,4,Exchange Pending
CA-2017-122105,OFF-AR-10004344,2017-07-07,Changed Mind,5,Processed
CA-2017-120168,FUR-FU-10000732,2017-06-08,Wrong Item Shipped,1,Refunded
CA-2017-139437,OFF-ST-10002485,2017-07-06,Changed Mind,1,Exchange Pending
CA-2015-127502,OFF-LA-10001613,2015-12-15,Wrong Item Shipped,2,Processed
CA-2017-100237,OFF-AR-10001761,2017-10-20,Changed Mind,2,Exchange Pending
CA-2016-161781,OFF-AR-10000255,2016-10-06,Damaged in Transit,7,Processed
CA-2015-114468,OFF-FA-10003021,2015-08-28,Wrong Item Shipped,4,Exchange Pending
CA-2014-116834,TEC-AC-10002942,2014-10-26,Changed Mind,5,Refunded
CA-2014-135699,OFF-PA-10004475,2014-09-09,Damaged in Transit,2,Exchange Pending
CA-2017-145660,FUR-FU-10002885,2017-12-04,Changed Mind,1,Exchange Pending
CA-2017-100160,OFF-EN-10001509,2017-09-13,Defective,3,Processed
US-2017-130687,OFF-AR-10004260,2017-09-22,Defective,1,Processed
CA-2015-164441,OFF-BI-10001922,2015-11-23,Damaged in Transit,10,Refunded
CA-2014-121006,OFF-PA-10000130,2014-11-22,Not as Described,2,Exchange Pending
CA-2017-166317,OFF-BI-10002976,2017-10-04,Not as Described,3,Exchange Pending
CA-2017-100412,FUR-CH-10002647,2017-12-28,Defective,1,Exchange Pending
CA-2014-157147,FUR-BO-10003034,2014-01-16,Defective,3,Exchange Pending
CA-2016-143714,TEC-PH-10004080,2016-05-27,Not as Described,3,Refunded
CA-2017-158722,OFF-PA-10000176,2017-11-02,Wrong Item Shipped,1,Processed
CA-2016-166282,OFF-PA-10003022,2016-04-19,Not as Described,3,Exchange Pending
CA-2014-167199,OFF-AR-10001662,2014-01-14,Changed Mind,2,Refunded
CA-2015-104346,TEC-AC-10004396,2015-12-16,Wrong Item Shipped,1,Refunded
CA-2017-121489,OFF-ST-10000025,2017-08-30,Changed Mind,5,Refunded
CA-2015-119690,OFF-BI-10000201,2015-07-02,Defective,2,Refunded
CA-2016-102127,TEC-AC-10002018,2016-07-07,Wrong Item Shipped,3,Refunded
CA-2015-118871,FUR-FU-10002111,2015-12-13,Changed Mind,2,Processed
CA-2017-137463,OFF-LA-10003498,2017-12-22,Changed Mind,1,Refunded
CA-2016-101385,OFF-AR-10004441,2016-10-02,Wrong Item Shipped,3,Processed
US-2016-108504,OFF-PA-10001289,2016-02-12,Damaged in Transit,6,Exchange Pending
CA-2017-152310,OFF-PA-10003134,2017-08-25,Not as Described,4,Exchange Pending
CA-2017-151211,OFF-BI-10002735,2017-08-24,Changed Mind,1,Processed
CA-2017-128363,TEC-AC-10003709,2017-08-25,Not as Described,1,Processed
CA-2014-164469,OFF-AR-10000475,2014-07-06,Not as Described,1,Exchange Pending
CA-2015-109386,TEC-PH-10002890,2015-11-20,Defective,5,Refunded
CA-2017-168641,OFF-AR-10003759,2017-11-29,Not as Described,6,Exchange Pending
CA-2017-148145,OFF-AR-10003752,2017-03-26,Changed Mind,3,Refunded
CA-2016-119074,FUR-FU-10003731,2016-04-06,Defective,2,Refunded
CA-2017-169005,OFF-AR-10000246,2017-11-15,Wrong Item Shipped,2,Processed
CA-2015-132633,OFF-BI-10002432,2015-02-14,Changed Mind,2,Processed
US-2015-134558,TEC-AC-10004145,2016-01-03,Defective,5,Exchange Pending
US-2015-116981,OFF-AP-10000595,2015-04-04,Defective,3,Exchange Pending
CA-2015-138009,OFF-ST-10001272,2015-12-13,Not as Described,3,Processed
US-2014-143287,OFF-SU-10001574,2014-11-16,Wrong Item Shipped,1,Exchange Pending
CA-2016-145303,FUR-BO-10003159,2016-08-31,Changed Mind,2,Processed
CA-2016-154067,OFF-PA-10002254,2016-02-07,Changed Mind,1,Processed
US-2016-137295,TEC-PH-10004080,2016-01-23,Not as Described,1,Exchange Pending
CA-2017-136623,TEC-PH-10000004,2017-07-19,Wrong Item Shipped,2,Refunded
CA-2016-105585,OFF-PA-10003625,2016-08-31,Changed Mind,4,Refunded
US-2017-135013,TEC-CO-10001449,2017-07-27,Wrong Item Shipped,5,Processed
US-2017-155866,FUR-FU-10004091,2017-11-25,Changed Mind,3,Exchange Pending
US-2016-114013,OFF-PA-10004996,2016-03-16,Not as Described,1,Refunded
CA-2014-140403,OFF-EN-10001219,2014-10-21,Damaged in Transit,2,Processed
CA-2017-164917,OFF-AR-10004344,2017-12-15,Changed Mind,1,Processed
CA-2015-149713,OFF-PA-10001450,2015-10-02,Defective,3,Exchange Pending
CA-2015-130113,OFF-ST-10000046,2015-12-30,Defective,1,Exchange Pending
CA-2014-109918,OFF-PA-10000174,2014-09-22,Damaged in Transit,2,Processed
CA-2017-135307,FUR-FU-10001290,2017-12-04,Changed Mind,2,Refunded
CA-2015-129392,OFF-PA-10004248,2015-07-11,Defective,3,Exchange Pending
US-2014-164763,OFF-BI-10000309,2014-03-31,Defective,2,Exchange Pending
CA-2016-152534,OFF-AR-10002335,2016-06-29,Changed Mind,2,Exchange Pending
CA-2014-120950,OFF-PA-10000587,2014-11-11,Wrong Item Shipped,1,Refunded
CA-2015-130253,FUR-FU-10002963,2015-12-22,Changed Mind,3,Refunded
CA-2017-104864,OFF-AP-10002684,2017-11-27,Wrong Item Shipped,2,Processed
CA-2016-101672,OFF-PA-10001878,2016-10-06,Damaged in Transit,2,Exchange Pending
CA-2017-127705,TEC-PH-10000347,2017-06-05,Not as Described,1,Refunded
CA-2017-111815,FUR-CH-10000785,2017-03-18,Damaged in Transit,1,Refunded
CA-2016-121748,TEC-AC-10003063,2016-10-31,Not as Described,2,Exchange Pending
CA-2014-160773,TEC-PH-10004586,2014-07-09,Defective,1,Refunded
CA-2017-122595,FUR-FU-10002963,2017-12-25,Defective,1,Processed
US-2014-146353,OFF-ST-10001469,2014-10-17,Defective,3,Refunded
CA-2015-130659,OFF-EN-10004147,2015-12-19,Wrong Item Shipped,3,Refunded
CA-2017-158407,TEC-PH-10001819,2017-06-10,Not as Described,2,Processed
CA-2016-127138,OFF-AP-10003842,2016-03-24,Defective,1,Exchange Pending
CA-2015-160472,OFF-PA-10000528,2015-07-30,Changed Mind,2,Refunded
CA-2015-105613,TEC-AC-10000521,2015-10-30,Not as Described,1,Processed
US-2017-109253,OFF-BI-10000962,2017-09-01,Not as Described,1,Exchange Pending
CA-2014-166863,OFF-PA-10001166,2014-07-05,Wrong Item Shipped,2,Processed
CA-2015-161998,FUR-FU-10001095,2015-05-06,Damaged in Transit,2,Refunded
CA-2017-137463,OFF-AR-10001988,2017-12-29,Wrong Item Shipped,1,Processed
US-2014-140452,TEC-PH-10000307,2014-12-10,Defective,1,Refunded
CA-2015-112116,FUR-TA-10001039,2015-03-22,Changed Mind,1,Exchange Pending
CA-2016-158778,FUR-FU-10000260,2016-09-09,Changed Mind,9,Exchange Pending
CA-2015-141593,OFF-BI-10000948,2015-12-17,Defective,1,Processed
CA-2016-163776,OFF-PA-10001033,2016-08-02,Changed Mind,4,Refunded
CA-2015-117961,OFF-BI-10003707,2015-12-01,Wrong Item Shipped,4,Exchange Pending
CA-2016-129280,OFF-LA-10000081,2016-05-12,Wrong Item Shipped,2,Processed
CA-2015-102778,FUR-FU-10000087,2015-12-06,Defective,1,Exchange Pending
US-2015-118983,OFF-AP-10002311,2015-12-07,Changed Mind,5,Exchange Pending
CA-2017-133102,OFF-AR-10003183,2017-08-20,Not as Described,3,Refunded
CA-2015-146675,TEC-AC-10004396,2015-04-20,Damaged in Transit,3,Exchange Pending
CA-2017-152142,FUR-CH-10002965,2017-11-17,Not as Described,1,Exchange Pending
CA-2015-166492,OFF-PA-10002262,2015-04-17,Wrong Item Shipped,4,Refunded
CA-2014-146591,OFF-EN-10002504,2014-01-26,Wrong Item Shipped,1,Exchange Pending
US-2016-126452,TEC-PH-10003555,2016-08-31,Wrong Item Shipped,4,Exchange Pending
CA-2017-161459,OFF-PA-10002377,2017-11-30,Wrong Item Shipped,5,Refunded
US-2015-126977,TEC-PH-10000169,2015-10-02,Damaged in Transit,4,Refunded
CA-2017-118003,FUR-CH-10004860,2017-12-18,Defective,2,Exchange Pending
US-2016-150147,OFF-BI-10001982,2016-05-04,Wrong Item Shipped,1,Exchange Pending
CA-2017-140872,FUR-BO-10002824,2017-06-13,Changed Mind,2,Exchange Pending
CA-2014-127446,FUR-TA-10000577,2014-12-03,Damaged in Transit,2,Exchange Pending
US-2016-102232,OFF-AR-10000538,2016-08-20,Wrong Item Shipped,4,Processed
CA-2016-108882,TEC-AC-10000420,2016-01-24,Changed Mind,4,Exchange Pending
CA-2016-162236,OFF-ST-10003442,2016-11-13,Wrong Item Shipped,1,Refunded
CA-2016-153269,OFF-BI-10004632,2016-03-23,Defective,3,Refunded
US-2014-106992,TEC-MA-10003353,2014-09-23,Damaged in Transit,1,Refunded
US-2014-117170,TEC-AC-10001109,2014-09-27,Defective,2,Refunded
CA-2017-147207,OFF-AP-10000027,2017-01-09,Damaged in Transit,2,Exchange Pending
CA-2015-161445,OFF-AR-10001953,2015-09-16,Wrong Item Shipped,1,Exchange Pending
US-2017-162558,OFF-BI-10003984,2017-10-05,Wrong Item Shipped,4,Processed
CA-2017-106859,TEC-PH-10004531,2017-03-20,Damaged in Transit,5,Exchange Pending
CA-2017-134152,OFF-AR-10004062,2017-05-30,Changed Mind,1,Refunded
CA-2016-167759,TEC-PH-10003171,2016-03-17,Changed Mind,1,Exchange Pending
CA-2017-156776,OFF-BI-10000216,2017-08-22,Wrong Item Shipped,2,Processed
US-2016-115441,FUR-FU-10001756,2016-08-04,Wrong Item Shipped,1,Exchange Pending
CA-2017-131156,FUR-FU-10001940,2017-04-09,Defective,2,Exchange Pending
US-2014-157021,OFF-LA-10002312,2014-04-07,Wrong Item Shipped,1,Refunded
CA-2017-102379,OFF-AR-10004022,2017-12-06,Damaged in Transit,1,Processed
CA-2016-103359,OFF-BI-10004233,2016-12-29,Changed Mind,2,Exchange Pending
CA-2016-121671,OFF-PA-10001471,2016-07-20,Changed Mind,1,Exchange Pending
US-2016-110156,OFF-BI-10003676,2016-11-30,Defective,2,Processed
CA-2016-155516,OFF-SU-10001225,2016-10-28,Changed Mind,1,Exchange Pending
CA-2016-147109,OFF-PA-10001972,2016-12-25,Changed Mind,2,Processed
CA-2016-157161,OFF-BI-10004728,2016-07-20,Not as Described,5,Processed
CA-2017-132738,OFF-EN-10001141,2017-08-16,Damaged in Transit,1,Refunded
CA-2017-115931,OFF-ST-10000876,2018-01-03,Not as Described,3,Exchange Pending
CA-2017-134194,OFF-BI-10001597,2017-12-28,Changed Mind,2,Processed
CA-2017-167395,OFF-AP-10001293,2017-12-08,Defective,7,Processed
CA-2016-127761,TEC-PH-10003691,2016-11-19,Defective,7,Processed
CA-2014-136567,OFF-BI-10003982,2014-12-28,Changed Mind,1,Refunded
CA-2014-115791,FUR-FU-10001095,2014-01-28,Wrong Item Shipped,3,Exchange Pending
CA-2016-126732,OFF-ST-10000321,2016-09-05,Not as Described,1,Refunded
CA-2017-135279,OFF-AR-10004344,2017-04-12,Changed Mind,3,Refunded
CA-2014-124646,OFF-ST-10001469,2014-07-02,Defective,1,Processed
CA-2016-145898,OFF-ST-10004507,2016-10-02,Defective,2,Processed
CA-2016-120558,OFF-PA-10003441,2016-06-14,Not as Described,2,Processed
CA-2014-125136,OFF-PA-10001804,2014-10-13,Damaged in Transit,1,Processed
US-2017-118556,OFF-BI-10004364,2017-06-06,Changed Mind,3,Refunded
US-2017-163790,OFF-FA-10004838,2017-11-12,Changed Mind,2,Processed
CA-2014-120670,TEC-AC-10004171,2014-11-14,Damaged in Transit,3,Exchange Pending
CA-2017-157987,OFF-AR-10004582,2017-09-11,Not as Described,1,Refunded
CA-2014-166961,OFF-AP-10001366,2014-12-31,Not as Described,1,Processed
CA-2017-167227,OFF-PA-10001838,2017-11-08,Defective,1,Exchange Pending
CA-2017-125451,FUR-FU-10004963,2017-11-04,Damaged in Transit,1,Processed
CA-2016-158568,OFF-BI-10002609,2016-09-12,Not as Described,2,Exchange Pending
US-2015-134271,OFF-LA-10004093,2015-04-21,Wrong Item Shipped,1,Processed
CA-2017-121125,TEC-AC-10002323,2017-06-11,Changed Mind,2,Processed
US-2017-152380,FUR-TA-10002533,2017-11-30,Defective,1,Refunded
US-2017-118038,FUR-FU-10000260,2017-12-14,Damaged in Transit,1,Processed
CA-2017-138149,OFF-ST-10002974,2017-07-13,Defective,2,Exchange Pending
US-2016-116729,TEC-PH-10002200,2016-12-30,Not as Described,1,Exchange Pending
CA-2015-167010,OFF-AP-10004036,2015-04-17,Not as Described,2,Refunded
CA-2015-154795,FUR-FU-10002088,2015-12-31,Wrong Item Shipped,2,Processed
US-2015-141453,OFF-BI-10000301,2015-12-12,Changed Mind,3,Refunded
CA-2014-166730,OFF-ST-10002554,2015-01-04,Damaged in Transit,1,Processed
CA-2014-154627,TEC-PH-10001363,2014-11-08,Defective,6,Refunded
CA-2016-101791,FUR-FU-10002191,2016-05-31,Changed Mind,1,Processed
CA-2016-120824,OFF-BI-10001525,2016-06-27,Not as Described,2,Processed
CA-2015-161452,FUR-CH-10003973,2015-04-10,Changed Mind,2,Refunded
CA-2017-149559,FUR-CH-10002320,2017-09-15,Defective,6,Refunded
CA-2017-134306,OFF-AR-10004027,2017-07-11,Changed Mind,3,Refunded
CA-2016-137050,OFF-FA-10002988,2016-07-18,Not as Described,5,Refunded
CA-2017-169054,FUR-FU-10001488,2017-05-02,Changed Mind,1,Processed
US-2016-112396,TEC-AC-10004761,2016-02-20,Damaged in Transit,2,Processed
CA-2016-133697,OFF-PA-10000726,2016-11-04,Changed Mind,5,Exchange Pending
CA-2015-119550,FUR-CH-10002044,2015-12-30,Damaged in Transit,1,Processed
CA-2017-157931,FUR-CH-10000785,2017-09-26,Changed Mind,1,Refunded
CA-2014-124478,OFF-EN-10002500,2014-08-15,Not as Described,3,Refunded
CA-2017-111332,OFF-AR-10001953,2017-05-25,Wrong Item Shipped,3,Processed
CA-2015-168767,OFF-BI-10000773,2015-04-21,Wrong Item Shipped,2,Exchange Pending
US-2015-108966,FUR-TA-10000577,2015-10-19,Damaged in Transit,4,Exchange Pending
CA-2017-119284,FUR-FU-10004351,2017-06-28,Damaged in Transit,1,Processed
CA-2015-117800,FUR-CH-10000785,2015-09-24,Wrong Item Shipped,1,Refunded
CA-2017-155460,OFF-BI-10003091,2017-04-20,Not as Described,4,Refunded
CA-2016-130400,OFF-BI-10001757,2016-03-17,Not as Described,7,Processed
CA-2016-118689,OFF-ST-10001558,2016-10-08,Changed Mind,2,Exchange Pending
CA-2016-160479,OFF-AR-10002445,2016-09-25,Damaged in Transit,1,Processed
CA-2016-110772,OFF-LA-10004689,2016-12-02,Not as Described,8,Processed
CA-2017-101014,FUR-FU-10003374,2017-09-05,Defective,3,Processed
CA-2016-104157,OFF-ST-10000321,2016-08-05,Changed Mind,1,Processed
CA-2017-131233,FUR-BO-10003441,2017-04-25,Changed Mind,1,Refunded
CA-2017-102414,OFF-PA-10002333,2017-05-26,Wrong Item Shipped,1,Refunded
CA-2016-123722,OFF-LA-10001569,2016-09-28,Damaged in Transit,3,Processed
US-2014-164406,OFF-AP-10003287,2014-08-19,Not as Described,3,Exchange Pending
CA-2015-132626,OFF-FA-10002763,2015-07-14,Not as Described,2,Processed
CA-2016-164399,TEC-PH-10004908,2016-11-18,Changed Mind,1,Refunded
US-2016-135209,OFF-PA-10002986,2017-01-10,Damaged in Transit,2,Refunded
CA-2015-129917,TEC-PH-10000369,2015-10-13,Damaged in Transit,3,Exchange Pending
CA-2015-139780,OFF-BI-10004139,2016-01-12,Damaged in Transit,6,Processed
CA-2017-141614,OFF-PA-10002787,2017-06-20,Wrong Item Shipped,4,Refunded
US-2017-146878,OFF-BI-10002794,2017-09-29,Not as Described,1,Refunded
CA-2017-119011,OFF-ST-10000777,2017-08-23,Damaged in Transit,4,Processed
CA-2014-106229,FUR-TA-10002041,2014-06-21,Wrong Item Shipped,3,Processed
CA-2016-166674,OFF-AR-10003156,2016-04-12,Defective,3,Exchange Pending
US-2017-143175,OFF-ST-10003123,2017-08-11,Changed Mind,2,Exchange Pending
CA-2015-100734,OFF-ST-10001522,2015-09-21,Not as Described,1,Exchange Pending
CA-2016-145583,OFF-AR-10001149,2016-10-19,Not as Described,1,Processed
CA-2016-124667,OFF-ST-10002276,2016-11-16,Changed Mind,1,Processed
CA-2015-147830,TEC-MA-10000418,2015-12-24,Defective,2,Exchange Pending
CA-2017-164168,FUR-FU-10001756,2017-11-17,Wrong Item Shipped,2,Refunded
CA-2015-109603,OFF-PA-10003790,2015-01-30,Changed Mind,4,Refunded
CA-2016-165673,OFF-PA-10000697,2016-05-27,Wrong Item Shipped,4,Processed
CA-2016-166163,TEC-PH-10004896,2016-08-25,Wrong Item Shipped,2,Refunded
CA-2017-167395,OFF-SU-10001935,2017-12-08,Wrong Item Shipped,2,Processed
CA-2015-116687,OFF-LA-10000443,2015-05-12,Defective,2,Exchange Pending
CA-2016-158155,FUR-FU-10002253,2016-05-05,Defective,4,Processed
CA-2017-166576,OFF-ST-10002574,2017-05-23,Wrong Item Shipped,1,Processed
CA-2015-162376,OFF-AR-10003056,2015-12-07,Damaged in Transit,3,Processed
US-2016-116729,TEC-AC-10001465,2017-01-05,Not as Described,4,Refunded
CA-2015-138954,OFF-AR-10001955,2015-11-18,Defective,3,Processed
CA-2017-147403,OFF-PA-10003302,2017-09-23,Damaged in Transit,3,Refunded
CA-2016-109743,OFF-AR-10003727,2016-10-07,Damaged in Transit,2,Exchange Pending
US-2016-168095,OFF-PA-10003641,2016-07-21,Not as Described,3,Exchange Pending
CA-2014-157882,FUR-CH-10002774,2014-10-11,Wrong Item Shipped,1,Refunded
CA-2017-108560,TEC-AC-10003063,2017-07-20,Damaged in Transit,2,Processed
CA-2014-167927,OFF-BI-10000605,2014-01-30,Damaged in Transit,1,Exchange Pending
US-2014-160444,OFF-ST-10001522,2014-07-10,Damaged in Transit,1,Processed
US-2016-141544,OFF-BI-10001524,2016-09-06,Wrong Item Shipped,1,Refunded
US-2016-148901,OFF-PA-10004983,2016-05-23,Wrong Item Shipped,1,Processed
CA-2017-131954,OFF-BI-10003291,2017-01-24,Defective,4,Exchange Pending
CA-2016-155670,OFF-BI-10000138,2016-08-22,Defective,2,Processed
CA-2016-143441,OFF-LA-10002312,2016-11-20,Damaged in Transit,1,Exchange Pending
CA-2017-164959,OFF-LA-10004272,2017-07-25,Wrong Item Shipped,1,Processed
CA-2017-103380,OFF-AP-10001492,2017-12-04,Wrong Item Shipped,1,Exchange Pending
CA-2017-101574,FUR-FU-10001706,2017-10-08,Not as Described,3,Exchange Pending
US-2014-147627,FUR-FU-10003194,2014-01-30,Damaged in Transit,3,Exchange Pending
CA-2015-135020,OFF-PA-10004255,2015-06-08,Defective,6,Refunded
CA-2016-136686,FUR-FU-10004864,2016-12-20,Not as Described,1,Refunded
CA-2015-125563,FUR-FU-10000087,2015-04-25,Wrong Item Shipped,2,Refunded
CA-2017-101182,TEC-PH-10003589,2017-09-12,Defective,2,Processed
CA-2015-158351,TEC-AC-10001838,2015-06-24,Damaged in Transit,2,Processed
CA-2016-128818,FUR-FU-10001940,2016-05-12,Wrong Item Shipped,1,Processed
US-2014-112949,OFF-AR-10003469,2014-06-26,Damaged in Transit,2,Exchange Pending
CA-2015-164882,OFF-PA-10000157,2015-11-06,Not as Described,1,Processed
CA-2016-101987,TEC-PH-10001305,2016-07-04,Not as Described,6,Refunded
US-2016-160528,OFF-ST-10002743,2016-08-26,Not as Described,2,Refunded
CA-2015-115168,OFF-PA-10000528,2015-06-17,Changed Mind,1,Exchange Pending
CA-2017-121300,FUR-FU-10004586,2017-10-05,Damaged in Transit,2,Exchange Pending
CA-2014-114314,OFF-LA-10000240,2014-10-24,Not as Described,1,Processed
CA-2016-167556,OFF-BI-10003708,2016-04-12,Not as Described,2,Exchange Pending
CA-2014-110786,OFF-PA-10000528,2015-01-13,Damaged in Transit,1,Refunded
US-2017-120418,OFF-AR-10002956,2017-06-24,Not as Described,3,Refunded
CA-2014-169019,TEC-AC-10002076,2014-08-08,Damaged in Transit,9,Refunded
CA-2017-169999,OFF-ST-10001511,2017-06-25,Wrong Item Shipped,2,Refunded
US-2017-133361,OFF-AR-10001919,2017-05-17,Damaged in Transit,1,Exchange Pending
CA-2015-153717,OFF-PA-10002160,2015-12-30,Damaged in Transit,2,Processed
US-2015-127040,OFF-PA-10004255,2015-12-13,Changed Mind,1,Processed
CA-2014-131387,TEC-PH-10001459,2014-05-06,Wrong Item Shipped,4,Exchange Pending
CA-2014-120768,OFF-SU-10004115,2014-12-30,Changed Mind,1,Processed
US-2016-167472,OFF-PA-10001534,2016-06-17,Not as Described,2,Refunded
CA-2014-110639,OFF-PA-10003936,2014-09-03,Damaged in Transit,1,Exchange Pending
CA-2015-110863,OFF-PA-10000474,2015-11-30,Wrong Item Shipped,1,Exchange Pending
CA-2015-117828,OFF-AP-10001563,2015-12-26,Changed Mind,3,Refunded
CA-2016-101791,OFF-ST-10001496,2016-06-10,Damaged in Transit,5,Processed
US-2015-113327,OFF-EN-10004459,2015-06-06,Defective,2,Exchange Pending
CA-2016-100244,OFF-PA-10001471,2016-10-05,Changed Mind,6,Processed
CA-2017-166317,OFF-PA-10004475,2017-10-02,Wrong Item Shipped,1,Refunded
CA-2016-109743,TEC-PH-10004071,2016-09-26,Changed Mind,3,Processed
CA-2017-155376,OFF-AP-10001058,2018-01-06,Changed Mind,1,Exchange Pending
CA-2017-104864,OFF-PA-10004609,2017-12-01,Changed Mind,4,Exchange Pending
CA-2017-100811,OFF-ST-10002444,2017-11-24,Not as Described,1,Processed
CA-2016-103982,OFF-FA-10001332,2016-03-06,Defective,1,Exchange Pending
CA-2016-106530,OFF-PA-10002986,2016-05-22,Wrong Item Shipped,1,Processed
CA-2016-102813,FUR-CH-10000665,2016-07-10,Wrong Item Shipped,1,Exchange Pending
CA-2016-151561,TEC-AC-10001432,2016-09-12,Wrong Item Shipped,6,Exchange Pending
CA-2016-102561,OFF-AR-10001545,2016-07-27,Damaged in Transit,4,Exchange Pending
CA-2017-129378,OFF-BI-10002012,2017-10-08,Wrong Item Shipped,1,Processed
CA-2014-158372,FUR-FU-10001867,2014-11-23,Wrong Item Shipped,4,Exchange Pending
US-2015-115238,FUR-FU-10002445,2015-05-04,Defective,1,Exchange Pending
CA-2016-124352,TEC-PH-10003442,2016-10-18,Damaged in Transit,1,Processed
CA-2016-106915,OFF-AR-10000716,2016-11-30,Damaged in Transit,2,Processed
CA-2014-145317,TEC-MA-10002412,2014-03-21,Changed Mind,3,Refunded
US-2014-140914,FUR-CH-10003379,2014-11-16,Not as Described,3,Processed
CA-2014-140039,OFF-ST-10001034,2014-09-21,Damaged in Transit,3,Processed
CA-2017-139199,OFF-PA-10001293,2017-12-24,Damaged in Transit,1,Exchange Pending
CA-2016-118101,OFF-ST-10001837,2016-07-06,Defective,1,Refunded
CA-2017-138156,FUR-FU-10003601,2017-02-16,Wrong Item Shipped,1,Processed
CA-2015-110877,TEC-PH-10002103,2015-11-04,Damaged in Transit,1,Exchange Pending
CA-2014-140165,OFF-FA-10002815,2014-05-24,Damaged in Transit,1,Processed
CA-2017-161172,OFF-BI-10004654,2017-03-28,Not as Described,3,Exchange Pending
CA-2014-148040,OFF-PA-10002581,2014-03-29,Defective,1,Exchange Pending
CA-2016-108868,OFF-AR-10001953,2016-09-17,Not as Described,2,Exchange Pending
CA-2015-110667,OFF-BI-10003529,2015-04-14,Damaged in Transit,4,Refunded
CA-2017-119809,OFF-BI-10003925,2017-08-23,Damaged in Transit,7,Exchange Pending
US-2017-133081,FUR-FU-10001379,2017-03-15,Defective,1,Processed
CA-2014-130449,OFF-LA-10001934,2014-09-10,Changed Mind,8,Processed
CA-2016-152156,FUR-BO-10001798,2016-11-15,Changed Mind,2,Exchange Pending
CA-2016-139381,OFF-AP-10001271,2016-04-21,Damaged in Transit,3,Exchange Pending
CA-2014-103849,TEC-AC-10001465,2014-05-15,Damaged in Transit,1,Exchange Pending
CA-2016-129714,TEC-AC-10000290,2016-09-16,Not as Described,1,Refunded
CA-2014-103310,TEC-PH-10001817,2014-05-21,Not as Described,3,Exchange Pending
CA-2014-140403,FUR-CH-10002774,2014-10-19,Not as Described,2,Refunded
CA-2017-123134,FUR-FU-10003975,2017-05-10,Wrong Item Shipped,1,Exchange Pending
CA-2016-162383,FUR-CH-10004477,2016-09-16,Damaged in Transit,2,Processed
US-2016-157945,FUR-CH-10002331,2016-10-05,Wrong Item Shipped,3,Refunded
US-2016-160528,FUR-FU-10004973,2016-09-05,Changed Mind,3,Exchange Pending
CA-2015-109190,TEC-CO-10001943,2015-10-30,Damaged in Transit,3,Exchange Pending
CA-2017-124205,OFF-ST-10000934,2017-09-26,Damaged in Transit,2,Exchange Pending
CA-2017-141705,FUR-TA-10004607,2017-11-01,Defective,5,Exchange Pending
CA-2017-111577,OFF-PA-10000062,2017-10-24,Damaged in Transit,6,Processed
CA-2014-147298,OFF-BI-10001525,2014-05-09,Changed Mind,3,Refunded
US-2017-164147,OFF-PA-10002377,2017-02-08,Damaged in Transit,1,Exchange Pending
CA-2015-106187,TEC-AC-10001590,2015-07-08,Wrong Item Shipped,1,Refunded
CA-2016-160304,FUR-BO-10004709,2016-01-16,Damaged in Transit,2,Refunded
CA-2015-126725,TEC-PH-10003174,2015-11-20,Wrong Item Shipped,1,Exchange Pending
CA-2017-138779,TEC-PH-10003655,2017-01-21,Not as Described,1,Exchange Pending
CA-2016-168361,OFF-BI-10003727,2016-07-04,Not as Described,1,Refunded
CA-2017-105410,TEC-AC-10001552,2017-03-30,Defective,2,Refunded
US-2016-110156,OFF-BI-10002609,2016-12-04,Damaged in Transit,1,Refunded
CA-2017-168228,OFF-AR-10001725,2017-05-07,Not as Described,1,Processed
CA-2015-120901,OFF-FA-10001561,2016-01-10,Not as Described,2,Processed
CA-2015-116092,OFF-BI-10000546,2015-02-22,Defective,3,Processed
US-2017-110646,OFF-BI-10004330,2017-11-09,Defective,2,Refunded
CA-2014-135405,OFF-AR-10004078,2014-01-20,Damaged in Transit,1,Processed
US-2017-118535,OFF-LA-10001297,2017-02-16,Wrong Item Shipped,1,Exchange Pending
CA-2015-103793,OFF-PA-10001125,2015-03-31,Damaged in Transit,2,Refunded
US-2015-122140,TEC-AC-10003289,2015-04-05,Wrong Item Shipped,3,Processed
CA-2014-128237,OFF-AR-10003829,2014-04-05,Defective,2,Exchange Pending
CA-2017-153871,OFF-BI-10004600,2017-12-19,Changed Mind,1,Exchange Pending
CA-2016-151155,FUR-FU-10001918,2016-12-24,Damaged in Transit,2,Processed
CA-2014-112291,TEC-AC-10000736,2014-04-13,Changed Mind,2,Exchange Pending
US-2017-147886,TEC-MA-10004679,2017-04-11,Wrong Item Shipped,1,Exchange Pending
CA-2016-105732,OFF-ST-10000419,2016-09-24,Damaged in Transit,3,Refunded
CA-2016-122017,OFF-AP-10001293,2017-01-09,Changed Mind,2,Exchange Pending
CA-2014-128538,OFF-EN-10001219,2014-10-15,Changed Mind,1,Refunded
US-2016-152051,OFF-ST-10001713,2016-06-29,Damaged in Transit,4,Exchange Pending
CA-2015-141145,TEC-AC-10001465,2015-10-02,Changed Mind,3,Refunded
CA-2014-125997,FUR-BO-10002213,2014-09-29,Damaged in Transit,1,Exchange Pending
CA-2017-161130,TEC-PH-10002549,2017-11-16,Changed Mind,2,Processed
CA-2015-155040,TEC-AC-10004469,2015-11-16,Defective,1,Exchange Pending
CA-2016-103947,OFF-AP-10002350,2016-04-16,Damaged in Transit,2,Processed
CA-2015-130974,OFF-PA-10001019,2015-11-30,Defective,1,Exchange Pending
CA-2016-151141,TEC-PH-10004924,2016-08-30,Not as Described,2,Processed
CA-2014-160094,OFF-AR-10004010,2014-05-04,Defective,5,Processed
US-2017-141558,OFF-ST-10004946,2017-03-16,Changed Mind,1,Refunded
CA-2014-119375,FUR-FU-10002379,2014-11-24,Wrong Item Shipped,3,Processed
CA-2017-130386,OFF-ST-10003716,2017-11-17,Defective,2,Exchange Pending
CA-2015-168564,FUR-CH-10000785,2015-08-17,Defective,1,Processed
CA-2017-142293,TEC-AC-10001109,2017-09-26,Defective,2,Exchange Pending
CA-2014-164259,OFF-AR-10003373,2015-01-01,Wrong Item Shipped,1,Processed
CA-2017-167640,OFF-LA-10004559,2017-03-21,Wrong Item Shipped,4,Exchange Pending
CA-2017-114216,OFF-PA-10002195,2017-09-17,Defective,1,Exchange Pending
CA-2014-145212,OFF-AR-10002833,2014-09-22,Not as Described,2,Exchange Pending
CA-2016-154018,FUR-FU-10003394,2016-10-26,Wrong Item Shipped,2,Exchange Pending
US-2017-114034,OFF-PA-10004735,2017-01-11,Wrong Item Shipped,5,Exchange Pending
CA-2016-120369,FUR-FU-10003806,2016-11-09,Wrong Item Shipped,4,Processed
US-2014-112991,OFF-PA-10002222,2014-12-21,Damaged in Transit,3,Exchange Pending
CA-2014-105417,OFF-BI-10003708,2014-01-22,Defective,1,Processed
CA-2014-122588,FUR-FU-10001095,2014-12-06,Not as Described,2,Refunded
US-2015-156867,TEC-AC-10001552,2015-11-17,Wrong Item Shipped,1,Refunded
CA-2016-145898,OFF-PA-10001667,2016-10-05,Damaged in Transit,2,Processed
US-2016-154361,FUR-FU-10004020,2016-03-21,Changed Mind,4,Exchange Pending
CA-2015-116876,TEC-PH-10002584,2015-03-01,Changed Mind,1,Processed
US-2016-114013,OFF-BI-10002353,2016-03-21,Wrong Item Shipped,5,Refunded
CA-2014-138128,OFF-EN-10002500,2014-12-12,Not as Described,1,Processed
CA-2015-103135,TEC-AC-10003289,2015-08-02,Not as Described,7,Processed
CA-2015-156153,OFF-FA-10003472,2015-06-08,Defective,3,Exchange Pending
CA-2017-166856,OFF-BI-10002012,2017-09-24,Wrong Item Shipped,6,Refunded
CA-2017-103611,FUR-FU-10004270,2017-09-15,Changed Mind,2,Exchange Pending
CA-2014-127299,TEC-MA-10001127,2014-09-30,Defective,1,Exchange Pending
CA-2017-144064,OFF-LA-10004544,2017-09-04,Not as Described,3,Processed
CA-2016-158778,OFF-AR-10000896,2016-09-09,Defective,1,Processed
CA-2017-140298,OFF-ST-10004180,2017-05-21,Changed Mind,1,Processed
CA-2014-166086,OFF-BI-10001078,2014-05-11,Not as Described,3,Processed
US-2015-166520,TEC-AC-10001990,2015-07-23,Damaged in Transit,2,Exchange Pending
CA-2016-139997,TEC-CO-10000971,2016-07-14,Damaged in Transit,5,Exchange Pending
CA-2016-126529,OFF-PA-10003656,2016-01-19,Wrong Item Shipped,3,Processed
CA-2015-116092,OFF-PA-10000477,2015-02-28,Defective,1,Processed
CA-2016-133711,OFF-BI-10004352,2016-12-11,Not as Described,3,Refunded
CA-2014-101560,FUR-FU-10003773,2014-12-08,Wrong Item Shipped,3,Exchange Pending
CA-2014-115812,OFF-BI-10003910,2014-06-22,Defective,3,Exchange Pending
CA-2017-140760,OFF-EN-10001141,2017-06-05,Changed Mind,2,Exchange Pending
CA-2014-141110,OFF-PA-10002586,2014-11-29,Not as Described,1,Processed
CA-2014-107594,TEC-PH-10002923,2014-07-16,Defective,1,Processed
US-2017-166688,OFF-BI-10004040,2017-05-26,Not as Described,1,Processed
US-2017-118087,FUR-FU-10001867,2017-09-16,Defective,2,Refunded
CA-2017-156951,OFF-BI-10001107,2017-10-16,Changed Mind,2,Processed
US-2016-151260,OFF-AP-10002892,2016-12-26,Not as Described,2,Refunded
US-2016-126431,OFF-LA-10001474,2016-07-12,Damaged in Transit,1,Processed
CA-2016-143154,TEC-AC-10002942,2016-12-15,Changed Mind,3,Exchange Pending
US-2017-152002,OFF-PA-10000357,2017-06-20,Defective,1,Refunded
CA-2014-157546,OFF-PA-10004569,2014-07-29,Not as Described,1,Processed
CA-2017-147228,OFF-PA-10000357,2017-09-19,Changed Mind,4,Processed
CA-2016-115588,OFF-ST-10001558,2016-11-17,Defective,2,Exchange Pending
CA-2015-123939,OFF-LA-10003190,2015-08-31,Damaged in Transit,3,Processed
CA-2016-167507,FUR-FU-10001935,2016-12-25,Damaged in Transit,4,Exchange Pending
CA-2016-146913,FUR-CH-10001854,2016-11-11,Defective,5,Processed
CA-2014-163223,OFF-AR-10001573,2014-03-29,Damaged in Transit,3,Refunded
US-2017-108315,FUR-FU-10000747,2017-05-11,Changed Mind,6,Refunded
US-2015-159499,OFF-LA-10003121,2015-11-26,Damaged in Transit,3,Exchange Pending
CA-2017-159149,TEC-PH-10000038,2017-02-24,Wrong Item Shipped,2,Processed
CA-2014-167927,OFF-BI-10004364,2014-01-24,Damaged in Transit,4,Exchange Pending
US-2016-150357,OFF-BI-10002557,2016-10-22,Wrong Item Shipped,1,Exchange Pending
US-2014-121566,OFF-AR-10001026,2014-07-07,Not as Described,2,Processed
CA-2015-104626,OFF-ST-10003208,2015-09-16,Changed Mind,4,Refunded
CA-2014-163223,TEC-PH-10000730,2014-04-05,Not as Described,6,Refunded
US-2017-147669,FUR-TA-10002645,2018-01-09,Not as Described,2,Exchange Pending
CA-2015-135251,OFF-LA-10004544,2015-08-16,Damaged in Transit,2,Exchange Pending
CA-2014-145317,OFF-FA-10003112,2014-03-31,Damaged in Transit,3,Exchange Pending
CA-2016-106950,OFF-AP-10000159,2016-09-06,Damaged in Transit,1,Refunded
CA-2017-137876,FUR-FU-10000222,2017-05-10,Not as Described,2,Refunded
CA-2016-104633,OFF-PA-10004782,2016-06-18,Changed Mind,1,Refunded
CA-2016-117590,FUR-FU-10003664,2016-12-20,Changed Mind,3,Exchange Pending
CA-2015-119102,OFF-ST-10004507,2015-06-04,Wrong Item Shipped,2,Exchange Pending
CA-2017-121048,TEC-AC-10000991,2017-07-17,Defective,2,Refunded
CA-2017-147228,OFF-SU-10001225,2017-09-24,Changed Mind,1,Exchange Pending
CA-2017-155929,OFF-PA-10000859,2017-09-16,Damaged in Transit,1,Refunded
CA-2015-167010,OFF-BI-10002072,2015-04-20,Wrong Item Shipped,3,Refunded
US-2017-128951,OFF-AP-10002191,2017-07-18,Damaged in Transit,2,Refunded
CA-2016-108868,TEC-PH-10000923,2016-09-17,Not as Described,1,Processed
CA-2017-132262,TEC-AC-10000158,2017-10-01,Not as Described,1,Processed
CA-2017-124401,OFF-ST-10000649,2017-09-12,Damaged in Transit,3,Exchange Pending
CA-2015-149713,OFF-SU-10001574,2015-09-23,Changed Mind,2,Processed
US-2015-147242,OFF-AP-10003842,2015-09-19,Defective,2,Refunded
US-2017-162558,FUR-FU-10004864,2017-10-08,Damaged in Transit,1,Exchange Pending
CA-2015-129917,OFF-BI-10004828,2015-10-07,Changed Mind,4,Refunded
US-2017-106131,OFF-ST-10003638,2017-01-24,Wrong Item Shipped,4,Refunded
CA-2014-115336,OFF-BI-10001107,2014-11-23,Damaged in Transit,3,Exchange Pending
CA-2015-133242,OFF-BI-10004826,2015-07-03,Wrong Item Shipped,2,Refunded
US-2016-113985,OFF-AP-10001303,2016-12-11,Changed Mind,3,Processed
CA-2015-156734,FUR-CH-10002965,2015-06-22,Changed Mind,2,Exchange Pending
CA-2016-119963,OFF-LA-10003510,2016-12-01,Changed Mind,1,Processed
CA-2016-120355,FUR-FU-10004053,2016-10-01,Changed Mind,2,Processed
CA-2017-125752,TEC-AC-10003590,2017-08-03,Not as Described,1,Exchange Pending
CA-2014-103310,FUR-CH-10002320,2014-05-24,Changed Mind,1,Refunded
CA-2015-164882,OFF-AR-10004272,2015-11-08,Not as Described,3,Processed
CA-2015-130022,OFF-LA-10002043,2015-08-20,Defective,1,Processed
CA-2014-143210,TEC-PH-10004434,2014-12-04,Not as Described,1,Processed
CA-2016-119018,OFF-PA-10000295,2016-11-19,Wrong Item Shipped,1,Exchange Pending
CA-2016-141586,OFF-BI-10003981,2016-10-29,Defective,2,Refunded
US-2016-123470,OFF-AP-10003287,2016-08-29,Wrong Item Shipped,3,Refunded
CA-2016-169194,TEC-AC-10002167,2016-07-01,Damaged in Transit,2,Exchange Pending
CA-2016-147431,OFF-ST-10003994,2016-02-07,Damaged in Transit,2,Exchange Pending
US-2017-147886,OFF-PA-10000232,2017-04-02,Not as Described,1,Refunded
CA-2016-142398,OFF-BI-10004826,2016-04-18,Wrong Item Shipped,1,Exchange Pending
CA-2017-121853,OFF-PA-10003641,2017-10-06,Damaged in Transit,6,Exchange Pending
CA-2016-151092,TEC-PH-10001700,2016-08-09,Damaged in Transit,3,Exchange Pending
CA-2017-100524,OFF-PA-10004911,2017-04-11,Damaged in Transit,7,Refunded
CA-2014-146815,FUR-CH-10004289,2014-09-21,Defective,2,Refunded
CA-2015-135251,OFF-BI-10001097,2015-08-11,Defective,3,Processed
US-2017-148831,OFF-ST-10002974,2017-10-28,Changed Mind,1,Refunded
CA-2016-161025,OFF-ST-10001932,2016-12-15,Wrong Item Shipped,3,Refunded
US-2017-167920,OFF-ST-10004963,2017-12-15,Damaged in Transit,1,Processed
CA-2017-113355,FUR-CH-10002602,2017-12-04,Wrong Item Shipped,2,Processed
CA-2017-151484,FUR-FU-10001876,2017-04-26,Changed Mind,1,Refunded
CA-2017-116358,OFF-FA-10003495,2017-11-17,Not as Described,3,Exchange Pending
CA-2015-120901,OFF-SU-10001225,2016-01-03,Changed Mind,2,Processed
CA-2017-150910,OFF-AR-10001419,2017-12-29,Damaged in Transit,3,Refunded
CA-2014-102645,OFF-PA-10001804,2014-01-30,Not as Described,3,Refunded
CA-2014-137092,TEC-AC-10001606,2014-11-02,Not as Described,2,Processed
CA-2016-101546,OFF-BI-10001359,2016-12-27,Changed Mind,2,Exchange Pending
CA-2017-113418,TEC-MA-10002428,2017-10-11,Damaged in Transit,2,Exchange Pending
US-2017-139465,OFF-ST-10002352,2017-09-02,Not as Described,3,Refunded
CA-2016-162390,OFF-BI-10004318,2016-12-15,Changed Mind,3,Processed
CA-2015-114237,FUR-BO-10004409,2015-03-19,Changed Mind,2,Processed
US-2016-146710,OFF-SU-10004498,2016-09-01,Damaged in Transit,4,Processed
CA-2014-103331,FUR-FU-10001731,2014-09-03,Changed Mind,2,Exchange Pending
CA-2017-152786,OFF-BI-10000829,2017-03-18,Changed Mind,2,Exchange Pending
CA-2017-142342,OFF-PA-10004609,2017-07-22,Changed Mind,3,Exchange Pending
US-2017-167402,OFF-PA-10004983,2017-01-24,Wrong Item Shipped,5,Processed
CA-2014-102869,TEC-AC-10002134,2014-09-16,Defective,4,Refunded
CA-2017-101959,OFF-PA-10002137,2017-03-15,Wrong Item Shipped,1,Exchange Pending
CA-2014-144029,FUR-CH-10003981,2014-06-04,Changed Mind,1,Processed
CA-2017-140949,OFF-ST-10003455,2017-03-31,Defective,3,Processed
CA-2014-158771,OFF-PA-10002689,2014-05-17,Not as Described,6,Refunded
CA-2017-151008,TEC-PH-10002807,2017-09-19,Wrong Item Shipped,1,Refunded
CA-2017-160934,OFF-AR-10003504,2017-01-22,Wrong Item Shipped,4,Processed
CA-2017-142034,FUR-CH-10000665,2017-10-03,Wrong Item Shipped,3,Refunded
CA-2016-115588,OFF-SU-10001225,2016-11-23,Damaged in Transit,1,Exchange Pending
CA-2017-163860,FUR-FU-10001935,2018-01-05,Changed Mind,2,Processed
US-2017-163790,OFF-EN-10001335,2017-11-14,Not as Described,3,Exchange Pending
US-2014-138247,TEC-PH-10000213,2014-12-28,Not as Described,2,Processed
US-2017-163790,OFF-BI-10003718,2017-11-17,Not as Described,2,Exchange Pending
US-2015-115238,FUR-FU-10001025,2015-05-15,Changed Mind,3,Refunded
CA-2017-167549,FUR-TA-10004767,2017-08-09,Defective,4,Refunded
CA-2014-124730,OFF-BI-10001031,2014-12-01,Wrong Item Shipped,2,Exchange Pending
US-2014-112200,OFF-BI-10002571,2014-11-26,Changed Mind,2,Processed
CA-2014-140396,OFF-EN-10002592,2014-12-04,Wrong Item Shipped,1,Processed
CA-2015-104941,OFF-BI-10001249,2015-06-18,Changed Mind,1,Exchange Pending
US-2014-144078,TEC-PH-10001580,2014-11-28,Wrong Item Shipped,1,Exchange Pending
CA-2017-104927,OFF-BI-10003429,2018-01-01,Changed Mind,3,Refunded
CA-2014-129091,OFF-EN-10004955,2014-11-30,Defective,1,Refunded
CA-2015-109113,TEC-AC-10004761,2016-01-03,Not as Described,1,Exchange Pending
CA-2015-128139,FUR-CH-10003956,2015-07-07,Wrong Item Shipped,1,Exchange Pending
US-2016-157490,OFF-BI-10002824,2016-10-16,Changed Mind,2,Processed
CA-2017-167640,OFF-PA-10001033,2017-03-14,Defective,5,Processed
CA-2017-117436,OFF-BI-10004040,2017-06-17,Defective,2,Exchange Pending
CA-2017-126242,OFF-ST-10000675,2017-12-02,Not as Described,3,Processed
CA-2015-137946,TEC-CO-10001449,2015-09-04,Changed Mind,1,Refunded
US-2017-105697,OFF-ST-10003996,2017-09-03,Wrong Item Shipped,1,Processed
CA-2015-121552,OFF-AR-10003217,2015-03-27,Damaged in Transit,2,Exchange Pending
CA-2014-145387,FUR-FU-10002364,2014-11-13,Defective,2,Refunded
